<?xml version="1.0" encoding="UTF-8"?>
<project-private xmlns="http://www.netbeans.org/ns/project-private/1">
    <editor-bookmarks xmlns="http://www.netbeans.org/ns/editor-bookmarks/2" lastBookmarkId="0"/>
    <open-files xmlns="http://www.netbeans.org/ns/projectui-open-files/2">
        <group>
            <file>file:/C:/Users/acer/Desktop/java/lab8_2/src/lab8_2/ChoiceQuestion.java</file>
            <file>file:/C:/Users/acer/Desktop/java/lab8_2/src/lab8_2/QuestionTester.java</file>
            <file>file:/C:/Users/acer/Desktop/java/lab8_2/src/lab8_2/Question.java</file>
            <file>file:/C:/Users/acer/Desktop/java/lab8_2/src/lab8_2/NumericQuestion.java</file>
            <file>file:/C:/Users/acer/Desktop/java/lab8_2/src/lab8_2/FillInQuestion.java</file>
        </group>
    </open-files>
</project-private>
